ADI-RM-10,505-AD5324BRMZ-ND
BRN-CRF0805,CRF0805-FZ-R005ELFCT-ND
DIOD-DFN1006-2,BAS116LPH4-7BDICT-ND
EPS-SG-210STF,114-SG-210STF24.0000MY0CT-ND
HWN-G125-MH10605L1,952-2695-ND
HWN-G125-MH11005L1,952-2696-ND
HWN-G125-MH12005L1,952-2699-ND
KEM-MPXV1D0840,399-MPXV1D0840L1R5CT-ND
KEM-0402BB,399-C0402C332K5RAC7867CT-ND
KEM-MPXV1D1264L100,399-MPXV1D1264L1R5CT-ND
LT-05-08-1712C,505-LTC3119IUFD#PBF-ND
MAX-21-0036,MAX16998AAUA/V+-ND
MCP-MIC5019,576-4152-1-ND
MCS-RV-3032-C7,2195-RV-3032-C7-32.768KHZ-2.5PPM-TA-QACT-ND
MUR-GRM188,490-GRM188Z71C475KE21DCT-ND
PANA-ERJ2G,P0.0JCT-ND
PANA-ERA2A,P10DDCT-ND
PANA-ERJ2R,P22.0LCT-ND
PANA-ERJ2R,P49.9LCT-ND
PANA-ERA2A,P60.4DCCT-ND
PANA-ERJ2R,P10.0KLCT-ND
PANA-ERJ2R,P100KLCT-ND
PANA-ERJ2R,P105KLCT-ND
PANA-ERJ2R,P110KLCT-ND
PANA-ERJ2R,P124KLCT-ND
PANA-ERJ2R,P383KLCT-ND
PANA-ERJ2R,P453KLCT-ND
PANA-ERJ2R,P732KLCT-ND
PANA-ERJ2R,P1.00MLCT-ND
PANA-EXB28V,Y7000CT-ND
PANA-EXB28V,Y7103CT-ND
PANA-EXB24V,Y5000CT-ND
ROH-EMT6,EM6K34T2CRCT-ND
SAM-TW-02-07-T-S-500-080,612-TW-02-07-T-S-500-080-ND
SAM-JW-02-04-T-S-500-360,SAM-JW-02-04-T-S-500-360
SKP-RMCF1210orRMCF2010,
SSW-126-23-G-D,SSW-126-23-G-D
TDK-CGA2B,445-12140-1-ND
TDK-CGA2B,445-172680-1-ND
TDK-CGA2B,445-172682-1-ND
TDK-CGA2B,445-5883-1-ND
TDK-CGA2B,445-12303-1-ND
TDK-CGA2B,445-6899-1-ND
TDK-CGA3E,445-6926-1-ND
TDK-C3225,445-181602-1-ND
TEC-RP731E,A127329CT-ND
TEC-RP731E,A127444CT-ND
TEC-RP731E,A127458CT-ND
TEC-RP731E,A127473CT-ND
TEC-RP731E,A127509CT-ND
TEC-RP731E,A127521CT-ND
TEC-RP731E,A127530CT-ND
TEC-RP731E,A127535CT-ND
TEC-RP731E,A127540CT-ND
TI-DGS,296-42503-1-ND
TI-RGV,296-44112-1-ND
TI-S-PQFP-G144,296-47200-ND
TI-R-PDSO-G6,296-22358-1-ND
TI-DSG0008A,296-49078-1-ND
TI-R-PSON-N22,296-39410-1-ND
TI-DBV0006A,296-REF35160QDBVRCT-ND
TI-RGE0024H,296-TCA9548ARGERQ1CT-ND
TI-YBG0006-C01,296-TMP117NAIYBGRCT-ND
TI-R-PDSO-G8,296-46215-1-ND
TOSH-S-3X1S,TPN1R603PLL1QCT-ND
TY-0603A,587-3247-1-ND
TY-1206L,587-4319-1-ND
TY-TWK107,587-6181-1-ND
VSH-WSL0805,WSL0805R1000DEA18-ND
VSH-CRCW0201,541-3.01KAABCT-ND
VSH-CRCW0201,541-CRCW02013R01FXEDCT-ND
VSH-0402MCS,541-MCS0402MD4703BE000CT-ND
WL-150060XS75000,732-4971-1-ND
